{"position":{"x":41.74345397949219,"y":4.500540256500244,"z":29.79975128173828},"flareGunAdquired":false}