{"position":{"x":10.0,"y":0.024191856384277345,"z":28.700000762939454},"flareGunAdquired":true}